model_name,group_id,session_id,run_key,bearing_id,calibration_mode,calibration_file_count,calibration_start_hour,calibration_end_hour,evaluation_file_count,calibrated_threshold,first_threshold_crossing_index,first_threshold_crossing_hour,first_sustained_warning_index,first_sustained_warning_hour,first_alarm_index,first_alarm_hour,first_alarm_reason,post_reference_crossing_count,post_reference_flag_ratio_mean,max_anomaly_score_raw,max_anomaly_score_reference_z,final_rolling_anomaly_score_mean,final_rolling_anomaly_score_z_mean,final_rolling_anomaly_flag_ratio,documented_failure_mode,documented_failed_bearing,documented_failure_metadata_confidence,status
isolation_forest,nasa_ims_1st_test,nasa_ims_1st_test_bearing_1,1st_test,1,first_24_hours,156,0.0,22.130277777777778,2000,0.6397457724095896,524.0,287.7555555555556,,,524.0,287.7555555555556,threshold_crossing,8,0.004,0.6531931155225879,3.465182924339177,0.6196214645421808,2.919754504887214,0.0,,False,documented,alarm_detected
isolation_forest,nasa_ims_1st_test,nasa_ims_1st_test_bearing_2,1st_test,2,first_24_hours,156,0.0,22.130277777777778,2000,0.6397457724095896,2136.0,817.5188888888889,2151.0,820.0188888888889,2151.0,820.0188888888889,sustained_warning,12,0.006,0.6704083189722996,3.744873107392737,0.6565748804534094,3.5201254322978293,1.0,,False,documented,alarm_detected
isolation_forest,nasa_ims_1st_test,nasa_ims_1st_test_bearing_3,1st_test,3,first_24_hours,156,0.0,22.130277777777778,2000,0.6397457724095896,156.0,170.5561111111111,361.0,226.7555555555556,361.0,226.7555555555556,sustained_warning,1312,0.656,0.7389711569287696,4.858792716576197,0.7306975669879064,4.724374213081318,1.0,inner_race_defect,True,documented,alarm_detected
isolation_forest,nasa_ims_1st_test,nasa_ims_1st_test_bearing_4,1st_test,4,first_24_hours,156,0.0,22.130277777777778,2000,0.6397457724095896,322.0,220.2555555555556,1441.0,671.3286111111112,1441.0,671.3286111111112,sustained_warning,653,0.3265,0.7350721045970864,4.795445997289987,0.6871033120062106,4.016111589782594,1.0,roller_element_defect,True,documented,alarm_detected
isolation_forest,nasa_ims_2nd_test,nasa_ims_2nd_test_bearing_1,2nd_test,1,first_24_hours,144,0.0,23.83333333333333,840,0.6397457724095896,,,,,,,no_alarm,0,0.0,0.605026188635917,2.6826294890914517,0.5658161478308475,2.045595862254411,0.0,outer_race_failure,True,documented,no_alarm_detected
isolation_forest,nasa_ims_2nd_test,nasa_ims_2nd_test_bearing_2,2nd_test,2,first_24_hours,144,0.0,23.83333333333333,840,0.6397457724095896,,,,,,,no_alarm,0,0.0,0.5550258905702928,1.8702898290021526,0.5219884698355536,1.3335408861326208,0.0,,False,documented,no_alarm_detected
isolation_forest,nasa_ims_2nd_test,nasa_ims_2nd_test_bearing_3,2nd_test,3,first_24_hours,144,0.0,23.83333333333333,840,0.6397457724095896,,,,,,,no_alarm,0,0.0,0.6077271827737417,2.7265117206922316,0.513707761086994,1.199006725530724,0.0,,False,documented,no_alarm_detected
isolation_forest,nasa_ims_2nd_test,nasa_ims_2nd_test_bearing_4,2nd_test,4,first_24_hours,144,0.0,23.83333333333333,840,0.6397457724095896,,,,,,,no_alarm,0,0.0,0.5292828719477967,1.452050822306143,0.5077043284643971,1.1014707786527944,0.0,,False,documented,no_alarm_detected
isolation_forest,nasa_ims_3rd_test__4th_test__txt,nasa_ims_3rd_test__4th_test__txt_bearing_1,3rd_test__4th_test__txt,1,first_24_hours,145,0.0,23.916666666666668,6179,0.6397457724095896,,,,,,,no_alarm,0,0.0,0.5558550697610575,1.8837612515343705,0.5106739383400244,1.149717128580525,0.0,,,uncertain_local_layout,no_alarm_detected
isolation_forest,nasa_ims_3rd_test__4th_test__txt,nasa_ims_3rd_test__4th_test__txt_bearing_2,3rd_test__4th_test__txt,2,first_24_hours,145,0.0,23.916666666666668,6179,0.6397457724095896,,,,,,,no_alarm,0,0.0,0.5657404023073778,2.0443652477347136,0.5359839088482327,1.5609205340586925,0.0,,,uncertain_local_layout,no_alarm_detected
isolation_forest,nasa_ims_3rd_test__4th_test__txt,nasa_ims_3rd_test__4th_test__txt_bearing_3,3rd_test__4th_test__txt,3,first_24_hours,145,0.0,23.916666666666668,6179,0.6397457724095896,,,,,,,no_alarm,0,0.0,0.6157343486121957,2.8566017126949053,0.5837100402999978,2.3363124997229705,0.0,,,uncertain_local_layout,no_alarm_detected
isolation_forest,nasa_ims_3rd_test__4th_test__txt,nasa_ims_3rd_test__4th_test__txt_bearing_4,3rd_test__4th_test__txt,4,first_24_hours,145,0.0,23.916666666666668,6179,0.6397457724095896,,,,,,,no_alarm,0,0.0,0.5720138051476116,2.146287318762175,0.5457812692649969,1.720095273782862,0.0,,,uncertain_local_layout,no_alarm_detected
one_class_svm,nasa_ims_1st_test,nasa_ims_1st_test_bearing_1,1st_test,1,first_24_hours,156,0.0,22.130277777777778,2000,2.2447554041262654,156.0,170.5561111111111,159.0,171.0561111111111,159.0,171.0561111111111,sustained_warning,2000,1.0,7.282815048136404,8.92191533810514,7.281726599740789,8.920771565691313,1.0,,False,documented,alarm_detected
one_class_svm,nasa_ims_1st_test,nasa_ims_1st_test_bearing_2,1st_test,2,first_24_hours,156,0.0,22.130277777777778,2000,2.2447554041262654,156.0,170.5561111111111,158.0,170.88944444444445,158.0,170.88944444444445,sustained_warning,2000,1.0,7.282904479213913,8.922009314815298,7.282904476910975,8.922009312395305,1.0,,False,documented,alarm_detected
one_class_svm,nasa_ims_1st_test,nasa_ims_1st_test_bearing_3,1st_test,3,first_24_hours,156,0.0,22.130277777777778,2000,2.2447554041262654,156.0,170.5561111111111,159.0,171.0561111111111,159.0,171.0561111111111,sustained_warning,2000,1.0,7.282904479213913,8.922009314815298,7.282904479213913,8.922009314815298,1.0,inner_race_defect,True,documented,alarm_detected
one_class_svm,nasa_ims_1st_test,nasa_ims_1st_test_bearing_4,1st_test,4,first_24_hours,156,0.0,22.130277777777778,2000,2.2447554041262654,156.0,170.5561111111111,158.0,170.88944444444445,158.0,170.88944444444445,sustained_warning,2000,1.0,7.282904479213913,8.922009314815298,7.282904479213913,8.922009314815298,1.0,roller_element_defect,True,documented,alarm_detected
one_class_svm,nasa_ims_2nd_test,nasa_ims_2nd_test_bearing_1,2nd_test,1,first_24_hours,144,0.0,23.83333333333333,840,2.2447554041262654,641.0,106.83333333333331,650.0,108.33333333333331,650.0,108.33333333333331,sustained_warning,304,0.3619047619047619,7.282904479213913,8.922009314815298,7.282904479213913,8.922009314815298,1.0,outer_race_failure,True,documented,alarm_detected
one_class_svm,nasa_ims_2nd_test,nasa_ims_2nd_test_bearing_2,2nd_test,2,first_24_hours,144,0.0,23.83333333333333,840,2.2447554041262654,874.0,145.66666666666666,882.0,147.0,882.0,147.0,sustained_warning,105,0.125,7.282904479213913,8.922009314815298,7.28290143713517,8.922006118112762,1.0,,False,documented,alarm_detected
one_class_svm,nasa_ims_2nd_test,nasa_ims_2nd_test_bearing_3,2nd_test,3,first_24_hours,144,0.0,23.83333333333333,840,2.2447554041262654,537.0,89.5,889.0,148.16666666666666,889.0,148.16666666666666,sustained_warning,101,0.12023809523809524,7.282904479213913,8.922009314815298,7.258332765231468,8.8961886615562,1.0,,False,documented,alarm_detected
one_class_svm,nasa_ims_2nd_test,nasa_ims_2nd_test_bearing_4,2nd_test,4,first_24_hours,144,0.0,23.83333333333333,840,2.2447554041262654,941.0,156.83333333333334,944.0,157.33333333333334,944.0,157.33333333333334,sustained_warning,43,0.05119047619047619,7.282904479213913,8.922009314815298,6.67829882905529,8.286672566943755,1.0,,False,documented,alarm_detected
one_class_svm,nasa_ims_3rd_test__4th_test__txt,nasa_ims_3rd_test__4th_test__txt_bearing_1,3rd_test__4th_test__txt,1,first_24_hours,145,0.0,23.916666666666668,6179,2.2447554041262654,6262.0,1063.0858333333333,6270.0,1064.4191666666668,6270.0,1064.4191666666668,sustained_warning,58,0.009386632141123159,7.282904479213913,8.922009314815298,7.016753233403537,8.642330044681517,1.0,,,uncertain_local_layout,alarm_detected
one_class_svm,nasa_ims_3rd_test__4th_test__txt,nasa_ims_3rd_test__4th_test__txt_bearing_2,3rd_test__4th_test__txt,2,first_24_hours,145,0.0,23.916666666666668,6179,2.2447554041262654,3027.0,515.9030555555556,6197.0,1052.2525,6197.0,1052.2525,sustained_warning,134,0.02168635701569833,7.282904479213913,8.922009314815298,7.282904478785645,8.92200931436526,1.0,,,uncertain_local_layout,alarm_detected
one_class_svm,nasa_ims_3rd_test__4th_test__txt,nasa_ims_3rd_test__4th_test__txt_bearing_3,3rd_test__4th_test__txt,3,first_24_hours,145,0.0,23.916666666666668,6179,2.2447554041262654,6162.0,1046.4191666666668,6165.0,1046.9191666666668,6165.0,1046.9191666666668,sustained_warning,162,0.026217834601068135,7.282904479213913,8.922009314815298,7.282904479213913,8.922009314815298,1.0,,,uncertain_local_layout,alarm_detected
one_class_svm,nasa_ims_3rd_test__4th_test__txt,nasa_ims_3rd_test__4th_test__txt_bearing_4,3rd_test__4th_test__txt,4,first_24_hours,145,0.0,23.916666666666668,6179,2.2447554041262654,6167.0,1047.2525,6170.0,1047.7525,6170.0,1047.7525,sustained_warning,106,0.01715487943032853,7.282904479213913,8.922009314815298,7.282904479213913,8.922009314815298,1.0,,,uncertain_local_layout,alarm_detected
