model_name,threshold,precision,recall,f1,accuracy,balanced_accuracy,anomalous_window_ratio,is_calibrated_threshold
isolation_forest,0.5824401659857749,0.888468809073724,1.0,0.9409409409409409,0.888468809073724,0.5,1.0,False
isolation_forest,0.5908127905471157,0.8872970391595033,0.9882978723404255,0.9350780070457977,0.8780718336483931,0.49414893617021277,0.9896030245746692,False
isolation_forest,0.5943798170585295,0.8861003861003861,0.9765957446808511,0.9291497975708503,0.8676748582230623,0.48829787234042554,0.9792060491493384,False
isolation_forest,0.5953616634562438,0.884990253411306,0.9659574468085106,0.9237029501525941,0.8582230623818525,0.4829787234042553,0.9697542533081286,False
isolation_forest,0.597097351896794,0.8837438423645321,0.9542553191489361,0.9176470588235294,0.8478260869565217,0.47712765957446807,0.9593572778827977,False
isolation_forest,0.5980132806737576,0.882587064676617,0.9436170212765957,0.9120822622107969,0.8383742911153119,0.4718085106382979,0.9499054820415879,False
isolation_forest,0.5986573929315989,0.8812877263581489,0.9319148936170213,0.905894519131334,0.8279773156899811,0.46595744680851064,0.9395085066162571,False
isolation_forest,0.5998100300688873,0.8800813008130082,0.9212765957446809,0.9002079002079002,0.8185255198487713,0.46063829787234045,0.9300567107750473,False
isolation_forest,0.6004462820525273,0.8787255909558068,0.9095744680851063,0.893883951907998,0.8081285444234405,0.45478723404255317,0.9196597353497165,False
isolation_forest,0.6012559286073673,0.8783783783783784,0.898936170212766,0.8885383806519453,0.7996219281663516,0.4537053732419762,0.9092627599243857,False
isolation_forest,0.6016738986371888,0.8771008403361344,0.8882978723404256,0.8826638477801269,0.7901701323251418,0.448386224305806,0.8998109640831758,False
isolation_forest,0.6022223706626125,0.8756641870350691,0.8765957446808511,0.8761297182349814,0.779773156899811,0.44253516047601876,0.889413988657845,False
isolation_forest,0.6025676192272696,0.874328678839957,0.8659574468085106,0.8701229289150187,0.7703213610586012,0.4372160115398485,0.8799621928166351,False
isolation_forest,0.6028420204933224,0.875,0.8563829787234043,0.8655913978494624,0.7637051039697542,0.44090335376848183,0.8695652173913043,False
isolation_forest,0.6033917236514564,0.8736263736263736,0.8457446808510638,0.8594594594594595,0.7542533081285444,0.4355842048323116,0.8601134215500945,False
isolation_forest,0.6040004618555574,0.8720800889877642,0.8340425531914893,0.8526373028820011,0.7438563327032136,0.42973314100252435,0.8497164461247637,False
isolation_forest,0.6044237833405603,0.8716216216216216,0.823404255319149,0.8468271334792122,0.7353497164461248,0.42865128020194737,0.8393194706994329,False
isolation_forest,0.6050836776801343,0.8701594533029613,0.8127659574468085,0.8404840484048405,0.725897920604915,0.4233321312657771,0.8298676748582231,False
isolation_forest,0.6055587940001849,0.8731257208765859,0.8053191489361702,0.8378527946873271,0.723062381852552,0.4365578795528309,0.8194706994328923,False
isolation_forest,0.6059667056188243,0.8728121353558926,0.7957446808510639,0.8324986087924319,0.7155009451795841,0.4360079336458709,0.8100189035916824,False
isolation_forest,0.6065434275982827,0.8723404255319149,0.7851063829787234,0.826427771556551,0.7069943289224953,0.4349260728452939,0.7996219281663516,False
isolation_forest,0.6068217345667601,0.8708133971291866,0.774468085106383,0.8198198198198198,0.6975425330812854,0.4296069239091237,0.7901701323251418,False
isolation_forest,0.6071778977258726,0.8690909090909091,0.7627659574468085,0.8124645892351274,0.6871455576559546,0.42375586007933647,0.779773156899811,False
isolation_forest,0.607792290194218,0.8685503685503686,0.752127659574468,0.806157354618016,0.6786389413988658,0.4226739992787594,0.7693761814744802,False
isolation_forest,0.6082585590237655,0.8681592039800995,0.7425531914893617,0.8004587155963303,0.6710775047258979,0.4221240533717995,0.7599243856332704,False
isolation_forest,0.6086802504350084,0.8688524590163934,0.7329787234042553,0.7951529140219273,0.6644612476370511,0.42581139560043274,0.7495274102079396,False
isolation_forest,0.6091565101864655,0.8697318007662835,0.7244680851063829,0.7904817179338364,0.6587901701323251,0.430030652722683,0.7400756143667296,False
isolation_forest,0.6096470588455928,0.8678756476683938,0.7127659574468085,0.7827102803738317,0.6483931947069943,0.42417958889289575,0.7296786389413988,False
isolation_forest,0.6100660983654047,0.8700787401574803,0.7053191489361702,0.7790834312573442,0.6446124763705104,0.4331680490443563,0.720226843100189,False
isolation_forest,0.6105289305452487,0.8721704394141145,0.6968085106382979,0.7746895328208161,0.6398865784499055,0.4416245943021998,0.7098298676748582,False
isolation_forest,0.6108753706221121,0.8743243243243243,0.6882978723404255,0.7702380952380953,0.6351606805293005,0.45008113956004325,0.6994328922495274,False
isolation_forest,0.611434261807368,0.8767123287671232,0.6808510638297872,0.7664670658682635,0.6313799621928167,0.4590695997115038,0.6899810964083176,False
isolation_forest,0.6117373387263778,0.8776077885952712,0.6712765957446809,0.7606992163954189,0.6247637051039697,0.46275694194013706,0.6795841209829868,False
isolation_forest,0.6120214696431493,0.8857545839210155,0.6680851063829787,0.7616737416616131,0.6285444234404537,0.4908222142084385,0.6701323251417769,False
isolation_forest,0.6125058239758315,0.8911174785100286,0.6617021276595745,0.7594627594627594,0.6275992438563327,0.5088171655247025,0.6597353497164461,False
isolation_forest,0.612792870382244,0.8909883720930233,0.652127659574468,0.7530712530712531,0.6200378071833649,0.5082672196177425,0.6502835538752363,False
isolation_forest,0.6130789589997052,0.8980797636632201,0.6468085106382979,0.7520098948670377,0.6209829867674859,0.5310313739632168,0.6398865784499055,False
isolation_forest,0.6133255368842137,0.9009009009009009,0.6382978723404256,0.7471980074719801,0.6162570888468809,0.5394879192210602,0.6294896030245747,False
isolation_forest,0.6137597414286249,0.9070121951219512,0.6329787234042553,0.7456140350877193,0.6162570888468809,0.5580147854309412,0.6200378071833649,False
isolation_forest,0.6139081365475044,0.9131782945736434,0.6265957446808511,0.7432176656151419,0.6153119092627599,0.5760097367472052,0.6096408317580341,False
isolation_forest,0.614289482294282,0.9149606299212598,0.6180851063829788,0.7377777777777778,0.6096408317580341,0.5802289938694555,0.6001890359168242,False
isolation_forest,0.6145337117723381,0.9230769230769231,0.6127659574468085,0.7365728900255755,0.610586011342155,0.6029931482149297,0.5897920604914934,False
isolation_forest,0.6148378426513827,0.9299674267100977,0.6074468085106383,0.7348777348777349,0.610586011342155,0.6215200144248106,0.5803402646502835,False
isolation_forest,0.615240871554594,0.9336650082918739,0.5989361702127659,0.729747245625405,0.6058601134215501,0.6299765596826541,0.5699432892249527,False
isolation_forest,0.6156108487194846,0.9358108108108109,0.5893617021276596,0.7232375979112271,0.5992438563327032,0.6336639019112874,0.5595463137996219,False
isolation_forest,0.6158932603249959,0.9398625429553265,0.5819148936170213,0.7187910643889619,0.5954631379962193,0.642652362062748,0.5500945179584121,False
isolation_forest,0.6165957911800342,0.9474605954465849,0.575531914893617,0.7160820648577101,0.5945179584120983,0.6606473133790118,0.5396975425330813,False
isolation_forest,0.6172452378435623,0.9518716577540107,0.5680851063829787,0.7115256495669554,0.5907372400756143,0.6696357735304724,0.5302457466918714,False
isolation_forest,0.6177969297140916,0.9581818181818181,0.5606382978723404,0.7073825503355705,0.5879017013232514,0.6828615218175261,0.5198487712665406,False
isolation_forest,0.6183679847640773,0.9648148148148148,0.5542553191489362,0.7040540540540541,0.5860113421550095,0.6966191849981969,0.5103969754253308,False
isolation_forest,0.6195413174532658,0.9754253308128544,0.548936170212766,0.7025187202178352,0.5869565217391305,0.719383339343671,0.5,False
isolation_forest,0.6208104408967494,0.9787644787644788,0.5393617021276595,0.6954732510288066,0.5803402646502835,0.7230706815723044,0.4896030245746692,False
isolation_forest,0.6217148563606859,0.9862204724409449,0.5329787234042553,0.6919889502762431,0.5784499054820416,0.7368283447529751,0.48015122873345933,False
isolation_forest,0.6229575929642762,0.9919517102615694,0.524468085106383,0.686151704940849,0.5737240075614367,0.7452848900108187,0.46975425330812853,False
isolation_forest,0.6257273619704284,0.9917864476386037,0.5138297872340426,0.6769446391030133,0.5642722117202268,0.7399657410746484,0.4603024574669187,False
isolation_forest,0.6280847992855234,0.9915966386554622,0.502127659574468,0.6666666666666666,0.553875236294896,0.7341146772448611,0.4499054820415879,False
isolation_forest,0.6312925382588777,0.9914163090128756,0.49148936170212765,0.6571834992887624,0.5444234404536862,0.7287955283086909,0.44045368620037806,False
isolation_forest,0.6324056030773597,0.9912087912087912,0.4797872340425532,0.646594982078853,0.5340264650283554,0.7229444644789037,0.43005671077504726,False
isolation_forest,0.6333251431730965,0.9932432432432432,0.46914893617021275,0.6372832369942196,0.5255198487712666,0.7218626036783267,0.41965973534971646,False
isolation_forest,0.6342194350113844,0.9930875576036866,0.45851063829787236,0.6273653566229985,0.5160680529300568,0.7165434547421565,0.4102079395085066,False
isolation_forest,0.6352750111614116,0.9929078014184397,0.44680851063829785,0.6162876008804109,0.505671077504726,0.7106923909123692,0.3998109640831758,False
isolation_forest,0.6360980265455893,0.9927360774818402,0.43617021276595747,0.6060606060606061,0.4962192816635161,0.7053732419761991,0.390359168241966,False
isolation_forest,0.6367314663062001,0.9950248756218906,0.425531914893617,0.5961251862891207,0.4877126654064272,0.7042913811756221,0.3799621928166352,False
isolation_forest,0.6378658217753165,0.9948979591836735,0.4148936170212766,0.5855855855855856,0.4782608695652174,0.6989722322394518,0.3705103969754253,False
isolation_forest,0.6387449006037345,0.994750656167979,0.4031914893617021,0.5738077214231643,0.4678638941398866,0.6931211684096646,0.3601134215500945,False
isolation_forest,0.639719786344535,0.9945945945945946,0.39148936170212767,0.5618320610687023,0.45746691871455575,0.6872701045798775,0.3497164461247637,False
isolation_forest,0.6405732423177486,0.9944444444444445,0.38085106382978723,0.5507692307692308,0.44801512287334594,0.6819509556437072,0.34026465028355385,False
isolation_forest,0.6411988467210513,0.994269340974212,0.36914893617021277,0.5384018619084562,0.43761814744801514,0.6760998918139199,0.32986767485822305,False
isolation_forest,0.6415295520584404,0.9941002949852508,0.35851063829787233,0.5269741985926505,0.4281663516068053,0.6707807428777497,0.32041587901701324,False
isolation_forest,0.6426018075956681,0.9939024390243902,0.3468085106382979,0.5141955835962145,0.41776937618147447,0.6649296790479625,0.31001890359168244,False
isolation_forest,0.6439114289268767,0.9937106918238994,0.33617021276595743,0.5023847376788553,0.40831758034026466,0.6596105301117923,0.3005671077504726,False
isolation_forest,0.644639290999815,0.993485342019544,0.324468085106383,0.48917401764234164,0.39792060491493386,0.6537594662820051,0.29017013232514177,False
isolation_forest,0.6457324533751049,0.9932432432432432,0.3127659574468085,0.47572815533980584,0.387523629489603,0.6479084024522178,0.27977315689981097,False
isolation_forest,0.6465713764443525,0.993006993006993,0.3021276595744681,0.4632952691680261,0.3780718336483932,0.6425892535160476,0.27032136105860116,False
isolation_forest,0.6475415650173465,0.9963636363636363,0.29148936170212764,0.4510288065843621,0.3695652173913043,0.6415073927154706,0.2599243856332703,False
isolation_forest,0.6487308479608762,0.9962264150943396,0.28085106382978725,0.43817427385892116,0.3601134215500945,0.6361882437793004,0.2504725897920605,False
isolation_forest,0.6495263424594809,0.9960629921259843,0.2691489361702128,0.423785594639866,0.3497164461247637,0.6303371799495132,0.24007561436672967,False
isolation_forest,0.6502311913481756,0.9959016393442623,0.25851063829787235,0.41047297297297297,0.34026465028355385,0.625018031013343,0.23062381852551986,False
isolation_forest,0.6508579833800033,0.9957081545064378,0.24680851063829787,0.3955669224211424,0.32986767485822305,0.6191669671835557,0.22022684310018903,False
isolation_forest,0.6514976582441988,0.9954954954954955,0.2351063829787234,0.3803786574870912,0.31947069943289225,0.6133159033537685,0.20982986767485823,False
isolation_forest,0.6517919848636193,0.9952830188679245,0.22446808510638297,0.3663194444444444,0.31001890359168244,0.6079967544175983,0.2003780718336484,False
isolation_forest,0.6523932785794343,0.9950248756218906,0.2127659574468085,0.35056967572305,0.2996219281663516,0.6021456905878111,0.1899810964083176,False
isolation_forest,0.6534748899059262,1.0,0.20319148936170212,0.33775419982316535,0.29206049149338376,0.6015957446808511,0.18052930056710775,False
isolation_forest,0.6540296788545231,1.0,0.19148936170212766,0.32142857142857145,0.28166351606805295,0.5957446808510638,0.17013232514177692,False
isolation_forest,0.6548308305678617,1.0,0.18085106382978725,0.3063063063063063,0.2722117202268431,0.5904255319148937,0.16068052930056712,False
isolation_forest,0.6554857893823537,1.0,0.16914893617021276,0.2893539581437671,0.2618147448015123,0.5845744680851064,0.1502835538752363,False
isolation_forest,0.6562024263277699,1.0,0.1574468085106383,0.27205882352941174,0.2514177693761815,0.5787234042553191,0.13988657844990549,False
isolation_forest,0.6568910460944853,1.0,0.14680851063829786,0.2560296846011132,0.24196597353497165,0.573404255319149,0.13043478260869565,False
isolation_forest,0.6573418340209695,1.0,0.1351063829787234,0.2380506091846298,0.23156899810964082,0.5675531914893617,0.12003780718336483,False
isolation_forest,0.6579599184081513,1.0,0.12446808510638298,0.22138126773888364,0.222117202268431,0.5622340425531915,0.11058601134215501,False
isolation_forest,0.6584260295972039,1.0,0.1127659574468085,0.20267686424474188,0.21172022684310018,0.5563829787234043,0.1001890359168242,False
isolation_forest,0.6588882785061934,1.0,0.10212765957446808,0.18532818532818532,0.20226843100189035,0.551063829787234,0.09073724007561437,False
isolation_forest,0.6596241378914677,1.0,0.09042553191489362,0.16585365853658537,0.19187145557655955,0.5452127659574468,0.08034026465028356,False
isolation_forest,0.6607239746602697,1.0,0.07872340425531915,0.14595660749506903,0.18147448015122875,0.5393617021276595,0.06994328922495274,False
isolation_forest,0.6617114030272835,1.0,0.06808510638297872,0.12749003984063745,0.1720226843100189,0.5340425531914894,0.06049149338374291,False
isolation_forest,0.6624915863459452,1.0,0.05638297872340425,0.1067472306143001,0.16162570888468808,0.5281914893617021,0.0500945179584121,False
isolation_forest,0.6637841189533877,1.0,0.045744680851063826,0.08748728382502544,0.15217391304347827,0.5228723404255319,0.04064272211720227,False
isolation_forest,0.6655970017565571,1.0,0.03404255319148936,0.06584362139917696,0.14177693761814744,0.5170212765957447,0.030245746691871456,False
isolation_forest,0.6692891114896882,1.0,0.023404255319148935,0.04573804573804574,0.1323251417769376,0.5117021276595745,0.020793950850661626,False
isolation_forest,0.6753848211055553,1.0,0.011702127659574468,0.023133543638275498,0.1219281663516068,0.5058510638297873,0.010396975425330813,False
isolation_forest,0.6825134816148849,1.0,0.0010638297872340426,0.0021253985122210413,0.11247637051039698,0.500531914893617,0.000945179584120983,False
one_class_svm,2.3661257370687903,0.888468809073724,1.0,0.9409409409409409,0.888468809073724,0.5,1.0,False
one_class_svm,2.999464327768536,0.8872970391595033,0.9882978723404255,0.9350780070457977,0.8780718336483931,0.49414893617021277,0.9896030245746692,False
one_class_svm,3.129244561868834,0.8861003861003861,0.9765957446808511,0.9291497975708503,0.8676748582230623,0.48829787234042554,0.9792060491493384,False
one_class_svm,3.2077010456616857,0.884990253411306,0.9659574468085106,0.9237029501525941,0.8582230623818525,0.4829787234042553,0.9697542533081286,False
one_class_svm,3.250064791380447,0.8847290640394089,0.9553191489361702,0.9186700767263427,0.8497164461247637,0.4818968626036783,0.9593572778827977,False
one_class_svm,3.3378170493139847,0.8835820895522388,0.9446808510638298,0.9131105398457584,0.8402646502835539,0.4765777136675081,0.9499054820415879,False
one_class_svm,3.393839820111275,0.8822937625754527,0.9329787234042554,0.9069286452947259,0.8298676748582231,0.4707266498377209,0.9395085066162571,False
one_class_svm,3.444117549569855,0.8810975609756098,0.9223404255319149,0.9012474012474012,0.8204158790170132,0.46540750090155064,0.9300567107750473,False
one_class_svm,3.493171014413613,0.8797533401849948,0.9106382978723404,0.894929430214323,0.8100189035916824,0.4595564370717634,0.9196597353497165,False
one_class_svm,3.5274107640134513,0.8804573804573804,0.9010638297872341,0.8906414300736067,0.8034026465028355,0.46324377930039673,0.9092627599243857,False
one_class_svm,3.55770291826819,0.8813025210084033,0.8925531914893617,0.8868921775898521,0.7977315689981096,0.46746303642264697,0.8998109640831758,False
one_class_svm,3.6300319595944255,0.8809776833156217,0.8819148936170212,0.8814460393407761,0.7892249527410208,0.46638117562206993,0.889413988657845,False
one_class_svm,3.6729198531671146,0.8807733619763695,0.8723404255319149,0.8765366114377339,0.781663516068053,0.46583122971511,0.8799621928166351,False
one_class_svm,3.7284824955799745,0.8804347826086957,0.8617021276595744,0.8709677419354839,0.7731568998109641,0.464749368914533,0.8695652173913043,False
one_class_svm,3.762241126972051,0.8813186813186813,0.8531914893617021,0.867027027027027,0.7674858223062382,0.46896862603678324,0.8601134215500945,False
one_class_svm,3.8102256535709516,0.8809788654060067,0.8425531914893617,0.8613376835236541,0.7589792060491494,0.46788676523620626,0.8497164461247637,False
one_class_svm,3.8619708832124053,0.884009009009009,0.8351063829787234,0.8588621444201313,0.7561436672967864,0.48111251352326,0.8393194706994329,False
one_class_svm,3.891669176657475,0.8872437357630979,0.8287234042553191,0.856985698569857,0.7542533081285444,0.49487017670393074,0.8298676748582231,False
one_class_svm,3.9181095255617313,0.8881199538638985,0.8191489361702128,0.8522412838959601,0.7476370510396976,0.498557518932564,0.8194706994328923,False
one_class_svm,3.9438172956581448,0.8926487747957993,0.8138297872340425,0.8514190317195326,0.7476370510396976,0.517084385142445,0.8100189035916824,False
one_class_svm,3.969022075626151,0.8959810874704491,0.8063829787234043,0.8488241881298992,0.7448015122873346,0.5303101334294987,0.7996219281663516,False
one_class_svm,4.003659181703952,0.9007177033492823,0.801063829787234,0.847972972972973,0.7448015122873346,0.5488369996393797,0.7901701323251418,False
one_class_svm,4.0457911565760245,0.9030303030303031,0.7925531914893617,0.8441926345609065,0.7400756143667296,0.5572935448972232,0.779773156899811,False
one_class_svm,4.106349907759555,0.9066339066339066,0.7851063829787234,0.8415051311288484,0.7372400756143668,0.570519293184277,0.7693761814744802,False
one_class_svm,4.149403852477378,0.9116915422885572,0.7797872340425532,0.8405963302752294,0.7372400756143668,0.5890461593941579,0.7599243856332704,False
one_class_svm,4.216387981841585,0.9155107187894073,0.7723404255319148,0.8378534333525678,0.7344045368620038,0.6022719076812116,0.7495274102079396,False
one_class_svm,4.255514378921114,0.9233716475095786,0.7691489361702127,0.8392338943702844,0.7381852551984878,0.6303371799495132,0.7400756143667296,False
one_class_svm,4.350915207965513,0.9339378238341969,0.7670212765957447,0.8422897196261683,0.7448015122873346,0.6674089433826181,0.7296786389413988,False
one_class_svm,4.427345533532238,0.9409448818897638,0.7627659574468085,0.8425381903642774,0.7466918714555766,0.6907050126217094,0.720226843100189,False
one_class_svm,4.521087582153463,0.952063914780293,0.7606382978723404,0.8456534594914252,0.7533081285444234,0.7277767760548143,0.7098298676748582,False
one_class_svm,4.600379174707313,0.9635135135135136,0.7585106382978724,0.8488095238095238,0.7599243856332704,0.7648485394879192,0.6994328922495274,False
one_class_svm,4.72824089670827,0.9739726027397261,0.7563829787234042,0.8514970059880239,0.7655954631379962,0.7976830147854309,0.6899810964083176,False
one_class_svm,4.878616473112447,0.9860917941585535,0.7542553191489362,0.8547317661241712,0.7722117202268431,0.8347547782185358,0.6795841209829868,False
one_class_svm,5.417092921164733,0.998589562764457,0.7531914893617021,0.8587022437841115,0.779773156899811,0.8723584565452578,0.6701323251417769,False
one_class_svm,6.205134032281565,1.0,0.7425531914893617,0.8522588522588522,0.7712665406427222,0.8712765957446809,0.6597353497164461,False
one_class_svm,6.3975870155489005,1.0,0.7319148936170212,0.8452088452088452,0.7618147448015122,0.8659574468085106,0.6502835538752363,False
one_class_svm,6.5020778067163745,1.0,0.7202127659574468,0.8373531230674088,0.7514177693761814,0.8601063829787234,0.6398865784499055,False
one_class_svm,6.554698239773181,1.0,0.7085106382978723,0.8293897882938979,0.7410207939508506,0.8542553191489362,0.6294896030245747,False
one_class_svm,6.579324548700724,1.0,0.6978723404255319,0.8220551378446115,0.7315689981096408,0.848936170212766,0.6200378071833649,False
one_class_svm,6.624649677797474,1.0,0.6861702127659575,0.8138801261829653,0.72117202268431,0.8430851063829787,0.6096408317580341,False
one_class_svm,6.666001561446796,1.0,0.675531914893617,0.8063492063492064,0.7117202268431002,0.8377659574468085,0.6001890359168242,False
one_class_svm,6.715986088497949,1.0,0.6638297872340425,0.7979539641943734,0.7013232514177694,0.8319148936170213,0.5897920604914934,False
one_class_svm,6.740385988073236,1.0,0.6531914893617021,0.7902187902187903,0.6918714555765595,0.8265957446808511,0.5803402646502835,False
one_class_svm,6.773944770961583,1.0,0.6414893617021277,0.7815942968243681,0.6814744801512287,0.8207446808510639,0.5699432892249527,False
one_class_svm,6.828081313553085,1.0,0.6297872340425532,0.7728459530026109,0.6710775047258979,0.8148936170212766,0.5595463137996219,False
one_class_svm,6.958181415697453,1.0,0.6191489361702127,0.7647831800262812,0.6616257088846881,0.8095744680851064,0.5500945179584121,False
one_class_svm,6.979441703981542,1.0,0.6074468085106383,0.7557908669755129,0.6512287334593573,0.8037234042553192,0.5396975425330813,False
one_class_svm,6.995401092500313,1.0,0.5968085106382979,0.7475016655562958,0.6417769376181475,0.7984042553191489,0.5302457466918714,False
one_class_svm,7.031392535626725,1.0,0.5851063829787234,0.738255033557047,0.6313799621928167,0.7925531914893618,0.5198487712665406,False
one_class_svm,7.059171697623019,1.0,0.574468085106383,0.7297297297297297,0.6219281663516069,0.7872340425531915,0.5103969754253308,False
one_class_svm,7.075139905014792,1.0,0.5627659574468085,0.720217835262083,0.611531190926276,0.7813829787234042,0.5,False
one_class_svm,7.082593338853321,1.0,0.551063829787234,0.710562414266118,0.6011342155009451,0.7755319148936171,0.4896030245746692,False
one_class_svm,7.087715891768004,1.0,0.5404255319148936,0.7016574585635359,0.5916824196597353,0.7702127659574468,0.48015122873345933,False
one_class_svm,7.093144800022876,1.0,0.5287234042553192,0.6917188587334725,0.5812854442344045,0.7643617021276596,0.46975425330812853,False
one_class_svm,7.098904310990725,1.0,0.5180851063829788,0.6825508058864751,0.5718336483931947,0.7590425531914894,0.4603024574669187,False
one_class_svm,7.111557659248886,1.0,0.5063829787234042,0.672316384180791,0.5614366729678639,0.7531914893617021,0.4499054820415879,False
one_class_svm,7.219572087067297,1.0,0.4957446808510638,0.662873399715505,0.5519848771266541,0.7478723404255319,0.44045368620037806,False
one_class_svm,7.219826761623398,1.0,0.48404255319148937,0.6523297491039427,0.5415879017013232,0.7420212765957447,0.43005671077504726,False
one_class_svm,7.219910887842919,1.0,0.4723404255319149,0.6416184971098265,0.5311909262759924,0.7361702127659575,0.41965973534971646,False
one_class_svm,7.2199382611895135,1.0,0.46170212765957447,0.6317321688500728,0.5217391304347826,0.7308510638297873,0.4102079395085066,False
one_class_svm,7.219953007706189,1.0,0.45,0.6206896551724138,0.5113421550094518,0.725,0.3998109640831758,False
one_class_svm,7.219975185586679,1.0,0.43936170212765957,0.6104951958610495,0.501890359168242,0.7196808510638297,0.390359168241966,False
one_class_svm,7.219990522875134,1.0,0.4276595744680851,0.5991058122205664,0.4914933837429111,0.7138297872340426,0.3799621928166352,False
one_class_svm,7.21999897245149,1.0,0.41702127659574467,0.5885885885885885,0.4820415879017013,0.7085106382978723,0.3705103969754253,False
one_class_svm,7.220005839976876,1.0,0.4053191489361702,0.5768357305071915,0.4716446124763705,0.7026595744680851,0.3601134215500945,False
one_class_svm,7.220017108417782,1.0,0.39361702127659576,0.5648854961832062,0.4612476370510397,0.6968085106382979,0.3497164461247637,False
one_class_svm,7.220025103524595,1.0,0.3829787234042553,0.5538461538461539,0.45179584120982985,0.6914893617021276,0.34026465028355385,False
one_class_svm,7.220044588352822,1.0,0.37127659574468086,0.5415050426687354,0.44139886578449905,0.6856382978723404,0.32986767485822305,False
one_class_svm,7.220044588358704,1.0,0.3648936170212766,0.534684333593141,0.43572778827977315,0.6824468085106383,0.32419659735349715,False
